<?xml version="1.0" encoding="UTF-8"?> 
<beans xmlns="http://www.springframework.org/schema/beans"
	xmlns:context="http://www.springframework.org/schema/context" 
	xmlns:aop="http://www.springframework.org/schema/aop"  
    xmlns:xsi="http://www.w3.org/2001/XMLSchema-instance"
    xsi:schemaLocation="http://www.springframework.org/schema/beans
    http://www.springframework.org/schema/beans/spring-beans-3.0.xsd
    http://www.springframework.org/schema/context  
    http://www.springframework.org/schema/context/spring-context-3.0.xsd
     http://www.springframework.org/schema/aop  
    http://www.springframework.org/schema/aop/spring-aop-3.0.xsd"> 
   

	<context:component-scan base-package="com.controller"/>	
	
	<bean id="viewResolver"
			class="org.springframework.web.servlet.view.InternalResourceViewResolver">
		<property name="prefix" value="/WEB-INF/jsp/"/>
		<property name="suffix" value=".jsp"/>
	</bean>
	
	<bean id="validator" class="com.validator.UserValidator"/>
	
	<bean id="messageSource"
			class="org.springframework.context.support.ReloadableResourceBundleMessageSource">
			<property name="basename" value="/WEB-INF/validations"/>		
	</bean>
</beans>