<!-- table per concrete class -->
<?xml version="1.0"?>
<!DOCTYPE hibernate-mapping PUBLIC "-//Hibernate/Hibernate Mapping DTD 3.0//EN"
"http://hibernate.sourceforge.net/hibernate-mapping-3.0.dtd">
<!-- Generated Nov 16, 2015 2:45:00 PM by Hibernate Tools 3.3.0.GA -->
<hibernate-mapping>
    <class name="com.psl.bean.Contact" abstract="true">
        <id name="contactId" type="int">
            <column name="CONTACT_ID" />
            <generator class="assigned" />
        </id>
        <property name="firstName" type="java.lang.String" >
            <column name="FIRST_NAME" />
        </property>
        <property name="lastName" type="java.lang.String">
            <column name="LAST_NAME" />
        </property>
        <property name="dateOfBirth" type="java.sql.Date">
            <column name="DATE_OF_BIRTH" />
        </property>
        <component name="address">
        	<property name="city" column="CITY"/>
        	<property name="country" column="COUNTRY"/>
        </component>
        
        <union-subclass name="com.psl.bean.Employee" table="tbl_employees">
		 	<property name="empCode" column="EMP_CODE"/>
		 	<property name="designation" column="DESIGNATION"/> 				
        </union-subclass>
        
        <union-subclass name="com.psl.bean.Friend" table="tbl_friends">
        	<property name="nickName" column="NICK_NAME"/>
        </union-subclass>
        
    	<union-subclass name="com.psl.bean.Relative" table="tbl_relatives">
    		<property name="petName" column="PET_NAME"/>
    		<property name="relation" column="RELATION"/>
    	</union-subclass>
    </class>
</hibernate-mapping>
