<?xml version="1.0"?>
<!DOCTYPE hibernate-mapping PUBLIC "-//Hibernate/Hibernate Mapping DTD 3.0//EN"
"http://hibernate.sourceforge.net/hibernate-mapping-3.0.dtd">
<!-- Generated Nov 16, 2015 2:45:00 PM by Hibernate Tools 3.3.0.GA -->
<hibernate-mapping>
    <class name="com.psl.bean.Contact" table="tbl_contacts">
        <id name="contactId" type="int">
            <column name="CONTACT_ID" />
            <generator class="identity" />
        </id>
        <property name="firstName" type="java.lang.String" >
            <column name="FIRST_NAME" />
        </property>
        <property name="lastName" type="java.lang.String">
            <column name="LAST_NAME" />
        </property>
        <property name="dateOfBirth" type="java.sql.Date">
            <column name="DATE_OF_BIRTH" />
        </property>
        <set name="addresses" table="tbl_addresses_set">
        		<key column="CONTACT_ID_FK"/>
        		<composite-element class="com.psl.bean.Address">
        				<property name="city" column="CITY"/>
        				<property name="country" column="COUNTRY"/>
        		</composite-element>
        </set>
        <set name="mobileNumbers" table="tbl_contact_numbers_set">
				<key column="CONTACT_ID_FK"/>
				<element type="string" column="MOBILE_NUMBER"/>       	
        </set>
    </class>
</hibernate-mapping>
