<?xml version="1.0"?>
<!DOCTYPE hibernate-mapping PUBLIC "-//Hibernate/Hibernate Mapping DTD 3.0//EN"
"http://hibernate.sourceforge.net/hibernate-mapping-3.0.dtd">
<!-- Generated Nov 16, 2015 2:45:00 PM by Hibernate Tools 3.3.0.GA -->
<hibernate-mapping>
    <class name="com.psl.bean.Contact" table="tbl_contacts">
        <id name="contactId" type="int">
            <column name="CONTACT_ID" default = "0"/>
            <generator class="select">
            	<param name="key">email</param>
            </generator>
        </id>
        <property name="firstName" type="java.lang.String" >
            <column name="FIRST_NAME" />
        </property>
        <property name="lastName" type="java.lang.String">
            <column name="LAST_NAME" />
        </property>
        <property name="dateOfBirth" type="java.sql.Date">
            <column name="DATE_OF_BIRTH" />
        </property>
        <property name="email" type="java.lang.String">
            <column name="EMAIL" unique="true" />
        </property>
    </class>
    
    <database-object>
    	<create>
    		CREATE TRIGGER generate_contact_id_pk BEFORE INSERT ON tbl_contacts
			FOR EACH ROW BEGIN
				SET @max_val=0;
				SELECT COUNT(CONTACT_ID) INTO @max_val FROM tbl_contacts;
				SET NEW.CONTACT_ID = @max_val + 1;    		
    		END;
    	</create>
    	<drop>DROP TRIGGER IF EXISTS generate_contact_id_pk;</drop>
    </database-object>
</hibernate-mapping>
