<?xml version="1.0"?>
<!DOCTYPE hibernate-mapping PUBLIC "-//Hibernate/Hibernate Mapping DTD 3.0//EN"
"http://hibernate.sourceforge.net/hibernate-mapping-3.0.dtd">
<!-- Generated Nov 19, 2015 11:55:37 AM by Hibernate Tools 3.3.0.GA -->
<hibernate-mapping>
    <class name="com.psl.bean.Degree" table="tbl_degrees">
        <id name="degreeId" type="int">
            <column name="DEGREEID" />
            <generator class="identity" />
        </id>
        <property name="name" type="java.lang.String">
            <column name="NAME" />
        </property>
        <set name="profiles" 
        			table="tbl_profiles_degrees" 
       					inverse="true" 
   							lazy="true">
            <key>
                <column name="DEGREEID" />
            </key>
            <many-to-many class="com.psl.bean.Profile" 
            				column="PROFILEID"/>
        </set>
    </class>
</hibernate-mapping>
