<!-- table per subclass -->
<?xml version="1.0"?>
<!DOCTYPE hibernate-mapping PUBLIC "-//Hibernate/Hibernate Mapping DTD 3.0//EN"
"http://hibernate.sourceforge.net/hibernate-mapping-3.0.dtd">
<!-- Generated Nov 16, 2015 2:45:00 PM by Hibernate Tools 3.3.0.GA -->
<hibernate-mapping>
    <class name="com.psl.bean.Contact" table="tbl_contacts">
        <id name="contactId" type="integer">
            <column name="CONTACT_ID" />
            <generator class="identity" />
        </id>
        <property name="firstName" type="java.lang.String" >
            <column name="FIRST_NAME" />
        </property>
        <property name="lastName" type="java.lang.String">
            <column name="LAST_NAME" />
        </property>
        <property name="dateOfBirth" type="java.sql.Date">
            <column name="DATE_OF_BIRTH" />
        </property>
        <component name="address">
        	<property name="city" column="CITY"/>
        	<property name="country" column="COUNTRY"/>
        </component>
        
        <joined-subclass name="com.psl.bean.Employee" table="tbl_employees">
		 	<key column="EMP_CONTACT_ID"/>
		 	<property name="empCode" column="EMP_CODE"/>
		 	<property name="designation" column="DESIGNATION"/> 				
        </joined-subclass>
        
        <joined-subclass name="com.psl.bean.Friend" table="tbl_friends">
        	<key column="FRN_CONTACT_ID"/>
        	<property name="nickName" column="NICK_NAME"/>
        </joined-subclass>
        
    	<joined-subclass name="com.psl.bean.Relative" table="tbl_relatives">
    		<key column="REL_CONTACT_ID"/>
    		<property name="petName" column="PET_NAME"/>
    		<property name="relation" column="RELATION"/>
    	</joined-subclass>
    </class>
</hibernate-mapping>
