<?xml version="1.0"?>
<!DOCTYPE hibernate-mapping PUBLIC "-//Hibernate/Hibernate Mapping DTD 3.0//EN"
"http://hibernate.sourceforge.net/hibernate-mapping-3.0.dtd">
<!-- Generated Jun 6, 2013 4:17:25 PM by Hibernate Tools 3.3.0.GA -->
<hibernate-mapping>
    <class name="ccc.ppp" table="PPP">
        <id name="m" type="int">
            <column name="M" />
            <generator class="assigned" />
        </id>
        <property name="y" type="double">
            <column name="Y" />
        </property>
        <property name="s" type="java.lang.String">
            <column name="S" />
        </property>
        <property name="date" type="java.sql.Date">
            <column name="DATE" />
        </property>
        <property name="l" type="long">
            <column name="L" />
        </property>
    </class>
</hibernate-mapping>
